first_name,middle_name,last_name,id,photofile,role,username,password
Ashla,Hallagan,Rugge,,,Admin,arugge0,ZFUC3bSx400LxXx123$
Marris,,Stare,,,Admin,mstare1,vZKEKpVUWfVxXx123$
Louise,,Gibbs,,,Admin,lgibbs2,nApDIVhxXx123$
Flemming,,Tyrrell,,,Admin,ftyrrell3,B08mRIyC5xXx123$
Averill,Mion,Rekes,,,Admin,arekes4,Xu4SwqsM2lBQxXx123$
Sully,Sopp,Sturdgess,,,Admin,ssturdgess5,YPAOLj96xXx123$
Johanna,,Bauldry,,,Admin,jbauldry6,Msht23xXx123$
Clive,,Brayne,,,Admin,cbrayne7,1c3K7jGegJAxXx123$
Chelsie,,Huske,,,Admin,chuske8,Ht0i5GPd84xXx123$
Steward,,Treadgall,,,Admin,streadgall9,EzJ1eHzGCTxLxXx123$
Aldric,Bage,Gheeraert,,,Admin,agheeraerta,SFQ0gp59YxXx123$
Rhiamon,Swinford,Chadburn,,,Admin,rchadburnb,F0DcdRxXx123$
Rupert,,Odeson,,,Admin,rodesonc,zav8QnyiDI6xXx123$
Jude,,Germon,,,Admin,jgermond,TsdH3rFaxXx123$
Henka,,O'Connor,,,Admin,hoconnore,nhWobnRJnzSxXx123$
Dorena,,Moorrud,,,Admin,dmoorrudf,aXugHVxXx123$
Saxon,Karleman,Yemm,,,Admin,syemmg,l4mu0uPRF0VxXx123$
Trace,,Fossick,,,Admin,tfossickh,kHatEYcxXx123$
Sancho,,Bulpitt,,,Admin,sbulpitti,a1vlWR2xD2OxXx123$
Mureil,Tathacott,Klisch,,,Admin,mklischj,nru3cpxzW59LxXx123$
Cord,Kirkpatrick,Cootes,,,Admin,ccootesk,COVSuCMPRZWHxXx123$
Ainslee,,Van der Brugge,,,Admin,avanderbruggel,E0Da1fi5AxXx123$
Kristine,,Giblett,,,Admin,kgiblettm,GWZU4AxXx123$
Aubert,,Moulster,,,Admin,amoulstern,NNmmLHxLGKsxXx123$
Klarika,,Mattheus,,,Admin,kmattheuso,i61Mr8plhpexXx123$
Ofilia,,Lenahan,,,Admin,olenahanp,g86vUe2QttzpxXx123$
Cathrin,Honnicott,Dallicott,,,Admin,cdallicottq,OFlJvWWavrxXx123$
Peta,,Chaikovski,,,Admin,pchaikovskir,0WJVXwgIohxXx123$
Andrus,,Bodicum,,,Admin,abodicums,QaXu81xXx123$
Juliet,,Alvy,,,Admin,jalvyt,F0UtsoTv0xXx123$
Adorne,,Symons,,,Admin,asymonsu,qgBjaBok0TWQxXx123$
Olympia,,Luca,,,Admin,olucav,YNpV8nwry7nkxXx123$
Gerianna,,Anger,,,Admin,gangerw,F2jDAfsuxXx123$
Hew,,Hanley,,,Admin,hhanleyx,14LJyUxXx123$
Emanuele,,Zmitrovich,,,Admin,ezmitrovichy,MFayJKxXx123$
Joleen,Golding,Fenwick,,,Admin,jfenwickz,vT6aPULxXx123$
Baird,,Dumingo,,,Admin,bdumingo10,D7pQfk1xXx123$
Berton,Dudenie,Ranking,,,Admin,branking11,7JI18x8xXx123$
Max,,Gresham,,,Admin,mgresham12,FgJLrMQ8xXx123$
Ronnie,,Agdahl,,,Admin,ragdahl13,Lg76wyvU14SzxXx123$
Mikael,,Duffer,,,Admin,mduffer14,5DSvEh4ofXdxXx123$
Mace,,Loddon,,,Admin,mloddon15,tu2HEPHpMxXx123$
Siusan,Faldoe,Mound,,,Admin,smound16,grto7y2fexXx123$
Myrah,D'Onise,Bent,,,Admin,mbent17,Up29TyQ2Rh7xXx123$
Aleece,Canape,Ivankovic,,,Admin,aivankovic18,l3azIaSBfbsxXx123$
Lucina,,Gajownik,,,Admin,lgajownik19,rRupBDLOSxXx123$
Gerri,,Pitsall,,,Admin,gpitsall1a,7QGoHvvYxXx123$
Minta,,Mumbey,,,Admin,mmumbey1b,SowZIIf4xXx123$
Timothee,,O'Shee,,,Admin,toshee1c,RBWV4BbcHoVNxXx123$
Kaylyn,,Pren,,,Admin,kpren1d,3zzP9WK9GxXx123$
Ronna,,Feehery,,,Admin,rfeehery1e,3q7RryxXx123$
Minna,,Brookfield,,,Admin,mbrookfield1f,qT9CIKmxXx123$
Garret,,Korlat,,,Admin,gkorlat1g,0rMWkUYJzqlxXx123$
Andrej,,Knott,,,Admin,aknott1h,36MBXAtPoqHwxXx123$
Tannie,,Romera,,,Admin,tromera1i,VH2tRFye4TxXx123$
Myrilla,,Allibone,,,Admin,mallibone1j,o5AoaXgxXx123$
Dorthea,,Vincent,,,Admin,dvincent1k,GLYaAv4pxXx123$
Alfy,Slane,Foukx,,,Admin,afoukx1l,Utj735qxXx123$
Shannon,Scammell,Hyam,,,Admin,shyam1m,hxY9OSxXx123$
Alyson,,Betchley,,,Admin,abetchley1n,nfKyUFOCixXx123$
Rhody,Podbury,Benka,,,Admin,rbenka1o,7me2fvhfn4xXx123$
Joella,Dundredge,Brundall,,,Admin,jbrundall1p,TYYO1RLhaocbxXx123$
Eleanore,,Goldhill,,,Admin,egoldhill1q,RRDomIirc0VkxXx123$
Trix,,MacManus,,,Admin,tmacmanus1r,LEsNZMx5xXx123$
Alexei,,Vineall,,,Admin,avineall1s,lS2yqZfVxXx123$
Gilli,,Shemmin,,,Admin,gshemmin1t,5LtxOixXx123$
Kariotta,,Windaybank,,,Admin,kwindaybank1u,uQP2HTxXx123$
Jeanelle,,Kohler,,,Admin,jkohler1v,2sqSOk4oHkL0xXx123$
Steffi,Pidgeley,Locker,,,Admin,slocker1w,LJg3Xjvv4xXx123$
Poul,,Tollmache,,,Admin,ptollmache1x,FRORmIQxczxXx123$
Dulci,,Parncutt,,,Admin,dparncutt1y,GKciUebpHj9PxXx123$
Esta,,Pancoust,,,Admin,epancoust1z,f4QWgjaxXx123$
Selene,,Trenchard,,,Admin,strenchard20,wTvpPGxXx123$
Basilio,,Bibby,,,Admin,bbibby21,XplABgxXx123$
Irwin,,Rawdales,,,Admin,irawdales22,SzYLhAuxXx123$
Stafford,,Dolligon,,,Admin,sdolligon23,peybYawV50wIxXx123$
Udell,,Darker,,,Admin,udarker24,p4CNSIK0UxXx123$
Beatrix,De Robertis,Tremblet,,,Admin,btremblet25,amlze6xXx123$
Brett,,Heffer,,,Admin,bheffer26,xzUAbgUjxXx123$
Bobette,,Kubczak,,,Admin,bkubczak27,Y9gNtlGCjxpxXx123$
George,,Bawme,,,Admin,gbawme28,heS2nn8xXx123$
Brendan,,Cisland,,,Admin,bcisland29,FVTn6ePNSrxXx123$
Cheri,,Mattiassi,,,Admin,cmattiassi2a,4j8665xIxXx123$
Carly,,McColley,,,Admin,cmccolley2b,7E9QDrwWBp2xXx123$
Dareen,,Gimblett,,,Admin,dgimblett2c,f5ba1ThLVxXx123$
Skip,,Dossantos,,,Admin,sdossantos2d,dkxAHhrmJxXx123$
Cordy,,Wellbeloved,,,Admin,cwellbeloved2e,gNqThxV4FDzxXx123$
Gary,,Farryn,,,Admin,gfarryn2f,DQNseixXx123$
Florette,,Weiss,,,Admin,fweiss2g,IQurCthf18xXx123$
Joyan,,Chorley,,,Admin,jchorley2h,eUDH9HxXx123$
Yul,,Coase,,,Admin,ycoase2i,rbtPRCKgwVTxXx123$
Daile,Waghorn,Reveley,,,Admin,dreveley2j,ghU55RXzvITUxXx123$
Fields,,Ivatt,,,Admin,fivatt2k,HJE7oixXx123$
Jermaine,,Starmont,,,Admin,jstarmont2l,j4nt47n1AGxXx123$
Alejandrina,,Dickman,,,Admin,adickman2m,KkuCywfDxXx123$
Alexandr,,Rojas,,,Admin,arojas2n,0YUIsoxXx123$
Rawley,,Clemintoni,,,Admin,rclemintoni2o,8IVRD72LxXx123$
Minnie,Breitling,Tatlowe,,,Admin,mtatlowe2p,Imo3WtfyZxXx123$
Gerald,,Ingle,,,Admin,gingle2q,QkkP1AmHmRxXx123$
Hersch,,Falkous,,,Admin,hfalkous2r,P6pv5SOqDpxXx123$
