first_name,middle_name,last_name,username,password
Ashla,Hallagan,Rugge,arugge0,ZFUC3bSx400LxXx123$
Marris,,Stare,mstare1,vZKEKpVUWfVxXx123$
Louise,,Gibbs,lgibbs2,nApDIVhxXx123$
Flemming,,Tyrrell,ftyrrell3,B08mRIyC5xXx123$
Averill,Mion,Rekes,arekes4,Xu4SwqsM2lBQxXx123$
Sully,Sopp,Sturdgess,ssturdgess5,YPAOLj96xXx123$
Johanna,,Bauldry,jbauldry6,Msht23xXx123$
Clive,,Brayne,cbrayne7,1c3K7jGegJAxXx123$
Chelsie,,Huske,chuske8,Ht0i5GPd84xXx123$
Steward,,Treadgall,streadgall9,EzJ1eHzGCTxLxXx123$
Aldric,Bage,Gheeraert,agheeraerta,SFQ0gp59YxXx123$
Rhiamon,Swinford,Chadburn,rchadburnb,F0DcdRxXx123$
Rupert,,Odeson,rodesonc,zav8QnyiDI6xXx123$
Jude,,Germon,jgermond,TsdH3rFaxXx123$
Henka,,O'Connor,hoconnore,nhWobnRJnzSxXx123$
Dorena,,Moorrud,dmoorrudf,aXugHVxXx123$
Saxon,Karleman,Yemm,syemmg,l4mu0uPRF0VxXx123$
Trace,,Fossick,tfossickh,kHatEYcxXx123$
Sancho,,Bulpitt,sbulpitti,a1vlWR2xD2OxXx123$
Mureil,Tathacott,Klisch,mklischj,nru3cpxzW59LxXx123$
Cord,Kirkpatrick,Cootes,ccootesk,COVSuCMPRZWHxXx123$
Ainslee,,Van der Brugge,avanderbruggel,E0Da1fi5AxXx123$
Kristine,,Giblett,kgiblettm,GWZU4AxXx123$
Aubert,,Moulster,amoulstern,NNmmLHxLGKsxXx123$
Klarika,,Mattheus,kmattheuso,i61Mr8plhpexXx123$
Ofilia,,Lenahan,olenahanp,g86vUe2QttzpxXx123$
Cathrin,Honnicott,Dallicott,cdallicottq,OFlJvWWavrxXx123$
Peta,,Chaikovski,pchaikovskir,0WJVXwgIohxXx123$
Andrus,,Bodicum,abodicums,QaXu81xXx123$
Juliet,,Alvy,jalvyt,F0UtsoTv0xXx123$
Adorne,,Symons,asymonsu,qgBjaBok0TWQxXx123$
Olympia,,Luca,olucav,YNpV8nwry7nkxXx123$
Gerianna,,Anger,gangerw,F2jDAfsuxXx123$
Hew,,Hanley,hhanleyx,14LJyUxXx123$
Emanuele,,Zmitrovich,ezmitrovichy,MFayJKxXx123$
Joleen,Golding,Fenwick,jfenwickz,vT6aPULxXx123$
Baird,,Dumingo,bdumingo10,D7pQfk1xXx123$
Berton,Dudenie,Ranking,branking11,7JI18x8xXx123$
Max,,Gresham,mgresham12,FgJLrMQ8xXx123$
Ronnie,,Agdahl,ragdahl13,Lg76wyvU14SzxXx123$
Mikael,,Duffer,mduffer14,5DSvEh4ofXdxXx123$
Mace,,Loddon,mloddon15,tu2HEPHpMxXx123$
Siusan,Faldoe,Mound,smound16,grto7y2fexXx123$
Myrah,D'Onise,Bent,mbent17,Up29TyQ2Rh7xXx123$
Aleece,Canape,Ivankovic,aivankovic18,l3azIaSBfbsxXx123$
Lucina,,Gajownik,lgajownik19,rRupBDLOSxXx123$
Gerri,,Pitsall,gpitsall1a,7QGoHvvYxXx123$
Minta,,Mumbey,mmumbey1b,SowZIIf4xXx123$
Timothee,,O'Shee,toshee1c,RBWV4BbcHoVNxXx123$
Kaylyn,,Pren,kpren1d,3zzP9WK9GxXx123$
Ronna,,Feehery,rfeehery1e,3q7RryxXx123$
Minna,,Brookfield,mbrookfield1f,qT9CIKmxXx123$
Garret,,Korlat,gkorlat1g,0rMWkUYJzqlxXx123$
Andrej,,Knott,aknott1h,36MBXAtPoqHwxXx123$
Tannie,,Romera,tromera1i,VH2tRFye4TxXx123$
Myrilla,,Allibone,mallibone1j,o5AoaXgxXx123$
Dorthea,,Vincent,dvincent1k,GLYaAv4pxXx123$
Alfy,Slane,Foukx,afoukx1l,Utj735qxXx123$
Shannon,Scammell,Hyam,shyam1m,hxY9OSxXx123$
Alyson,,Betchley,abetchley1n,nfKyUFOCixXx123$
Rhody,Podbury,Benka,rbenka1o,7me2fvhfn4xXx123$
Joella,Dundredge,Brundall,jbrundall1p,TYYO1RLhaocbxXx123$
Eleanore,,Goldhill,egoldhill1q,RRDomIirc0VkxXx123$
Trix,,MacManus,tmacmanus1r,LEsNZMx5xXx123$
Alexei,,Vineall,avineall1s,lS2yqZfVxXx123$
Gilli,,Shemmin,gshemmin1t,5LtxOixXx123$
Kariotta,,Windaybank,kwindaybank1u,uQP2HTxXx123$
Jeanelle,,Kohler,jkohler1v,2sqSOk4oHkL0xXx123$
Steffi,Pidgeley,Locker,slocker1w,LJg3Xjvv4xXx123$
Poul,,Tollmache,ptollmache1x,FRORmIQxczxXx123$
Dulci,,Parncutt,dparncutt1y,GKciUebpHj9PxXx123$
Esta,,Pancoust,epancoust1z,f4QWgjaxXx123$
Selene,,Trenchard,strenchard20,wTvpPGxXx123$
Basilio,,Bibby,bbibby21,XplABgxXx123$
Irwin,,Rawdales,irawdales22,SzYLhAuxXx123$
Stafford,,Dolligon,sdolligon23,peybYawV50wIxXx123$
Udell,,Darker,udarker24,p4CNSIK0UxXx123$
Beatrix,De Robertis,Tremblet,btremblet25,amlze6xXx123$
Brett,,Heffer,bheffer26,xzUAbgUjxXx123$
Bobette,,Kubczak,bkubczak27,Y9gNtlGCjxpxXx123$
George,,Bawme,gbawme28,heS2nn8xXx123$
Brendan,,Cisland,bcisland29,FVTn6ePNSrxXx123$
Cheri,,Mattiassi,cmattiassi2a,4j8665xIxXx123$
Carly,,McColley,cmccolley2b,7E9QDrwWBp2xXx123$
Dareen,,Gimblett,dgimblett2c,f5ba1ThLVxXx123$
Skip,,Dossantos,sdossantos2d,dkxAHhrmJxXx123$
Cordy,,Wellbeloved,cwellbeloved2e,gNqThxV4FDzxXx123$
Gary,,Farryn,gfarryn2f,DQNseixXx123$
Florette,,Weiss,fweiss2g,IQurCthf18xXx123$
Joyan,,Chorley,jchorley2h,eUDH9HxXx123$
Yul,,Coase,ycoase2i,rbtPRCKgwVTxXx123$
Daile,Waghorn,Reveley,dreveley2j,ghU55RXzvITUxXx123$
Fields,,Ivatt,fivatt2k,HJE7oixXx123$
Jermaine,,Starmont,jstarmont2l,j4nt47n1AGxXx123$
Alejandrina,,Dickman,adickman2m,KkuCywfDxXx123$
Alexandr,,Rojas,arojas2n,0YUIsoxXx123$
Rawley,,Clemintoni,rclemintoni2o,8IVRD72LxXx123$
Minnie,Breitling,Tatlowe,mtatlowe2p,Imo3WtfyZxXx123$
Gerald,,Ingle,gingle2q,QkkP1AmHmRxXx123$
Hersch,,Falkous,hfalkous2r,P6pv5SOqDpxXx123$
