first_name,middle_name,last_name,id,photofile,test_status,execution_completion
Phat,Tan,Duong,001,test1.jpg,pass,2021-07-25 16:27:52.527847
,,,002,,pass,2021-07-25 16:28:04.755620
,Minh,Ha,003,,pass,2021-07-25 16:28:19.112750
Duong,,,,,pass,2021-07-25 16:28:31.349220
,,Duong,,,pass,2021-07-25 16:28:43.549396
Bui,,Thien,005,test2.txt,pass,2021-07-25 16:28:59.335879
Phat,,Duong,006,test3.md,pass,2021-07-25 16:29:15.163898
Phat ,,Duong,006,,pass,2021-07-25 16:29:30.363013
Phat,,Duong,10,test4.jpg,pass,2021-07-25 16:29:46.397037
